epoch,train_loss
1,3.727423335086824
2,2.3969374130880863
3,1.9522005883875273
4,1.6733777381728294
5,1.4696241726506232
6,1.2969989409689937
7,1.1576797370416203
8,1.035425394809857
9,0.9162985985481807
10,0.8108136557448774
11,0.722810394842211
12,0.6346809232124014
13,0.5552815007852152
14,0.48153328293429776
15,0.4257883033067279
16,0.3688895241687024
17,0.3143924570174856
18,0.2740445717853972
19,0.24297242284243953
20,0.21270233664610116
