Wall time,Step,Value
1748686193.2776504,2000,0.2508152723312378
1748688181.7101831,4000,0.23548297584056854
1748690160.7914946,6000,0.2286531627178192
1748692125.9932003,8000,0.22260868549346924
1748694093.0521166,10000,0.2199656069278717
1748696062.8928678,12000,0.21696454286575317
1748698035.7509654,14000,0.21399378776550293
1748700012.7144074,16000,0.2125798612833023
1748701990.7832851,18000,0.2106151133775711
