Wall time,Step,Value
1748687666.1898131,500,0.5087843537330627
1748690106.9881482,1000,0.2680756747722626
1748692542.186522,1500,0.249739408493042
1748694942.781607,2000,0.24151688814163208
1748697356.2037823,2500,0.23671263456344604
1748699770.620856,3000,0.23323847353458405
1748702194.1730788,3500,0.22993016242980957
1748704623.8085546,4000,0.22761975228786469
1748707039.9936335,4500,0.225553959608078
