Wall time,Step,Value
1748687103.3926215,1000,0.2749388515949249
1748689134.7865553,2000,0.24667951464653015
1748691165.5481412,3000,0.2380116879940033
1748693180.250669,4000,0.23188234865665436
1748695196.1858804,5000,0.22813016176223755
1748697211.3871832,6000,0.22544534504413605
1748699233.4509282,7000,0.2219606637954712
1748701257.089552,8000,0.2196078896522522
1748703280.8767624,9000,0.21797756850719452
