Wall time,Step,Value
1744407042.7175705,500,0.31766894459724426
1744413819.6718714,1000,0.30052417516708374
1744420593.2260988,1500,0.28793585300445557
1744427360.748102,2000,0.2800072729587555
1744434131.875304,2500,0.27875879406929016
1744440899.1914508,3000,0.28477245569229126
1744447674.4021873,3500,0.2718714475631714
1744454451.8915644,4000,0.27662327885627747
1744461227.4799602,4500,0.26919594407081604
