Wall time,Step,Value
1744407363.0351853,2000,0.30476710200309753
1744414645.5339859,4000,0.2857822775840759
1744421931.942304,6000,0.27418744564056396
1744429219.589122,8000,0.2690756320953369
1744436504.8553917,10000,0.27122780680656433
1744443787.07105,12000,0.26626303791999817
1744451074.7768428,14000,0.2685911953449249
1744458362.803486,16000,0.26279211044311523
1744465649.9903643,18000,0.2660946249961853
