Wall time,Step,Value
1743977755.6430326,1000,0.3117753863334656
1743984645.0925863,2000,0.292898029088974
1743991539.8408554,3000,0.28351306915283203
1743998434.3729112,4000,0.27696001529693604
1744005327.9866912,5000,0.279569149017334
1744012215.3814168,6000,0.27738234400749207
1744019108.8037376,7000,0.26747018098831177
1744025994.5171661,8000,0.26988011598587036
1744032888.6039698,9000,0.2686464190483093
